TeamId,TeamName,SubmissionDate,Score
5766984,"Myles O'Neill","2020-11-03 01:19:01",466.9
5766991,khursani,"2020-11-03 19:30:11",1004.2
5767002,"Dunder Mifflin Paper Co.","2020-11-02 23:30:24",370.1
5767015,Kazuhito00,"2020-11-11 00:49:59",485.1
5767016,"SeshuRajuP 🧘‍♂️","2020-11-06 18:25:09",795.6
5767028,"Youssef Nader","2020-11-11 00:20:46",782.7
5767091,Jakajakajanken,"2020-11-04 08:55:39",782.6
5767111,"🤞 Tawara 🤞","2020-11-04 14:50:29",1031.1
5767122,currypurin,"2020-11-04 00:29:01",744.0
5767156,"Andrew L","2020-11-03 00:46:41",658.3
5767157,"Eric Freeman","2020-11-06 13:54:08",828.8
5767182,Komari1123,"2020-11-03 14:49:18",559.8
5767194,akakarii,"2020-11-06 12:11:22",774.3
5767223,oct_path,"2020-11-05 13:56:36",793.7
5767340,"Paulo Pinto","2020-11-05 14:03:54",790.5
5767359,SiNpcw,"2020-11-05 17:11:12",647.5
5767384,sanitas,"2020-11-14 15:11:46",918.2
5767420,"Glico, Pineapple, Chocolate","2020-11-10 09:43:17",804.4
5767434,"🎲  Vlad  🎰","2020-11-04 10:58:27",959.0
5767446,Phys,"2020-11-03 03:59:13",469.1
5767459,"Shota Ichikawa","2020-11-06 11:37:02",901.2
5767497,yukiki,"2020-11-05 04:56:04",818.6
5767505,"Shuntaro Tanaka","2020-11-06 14:33:06",833.9
5767509,mrkmakr,"2020-11-04 09:26:14",1025.7
5767550,"Yu Tsumura","2020-11-03 05:16:17",516.0
5767551,"Ishan Bansal","2020-11-12 16:15:22",828.8
5767554,Johnp,"2020-11-03 02:27:58",452.7
5767574,"KIM TAE HEON","2020-11-03 12:18:09",589.2
5767620,ykskks,"2020-11-03 05:11:42",641.8
5767638,Avadonsan,"2020-11-05 19:47:21",775.7
5767655,"Rischan Mafrur","2020-11-03 02:55:06",500.8
5767697,"Shiny Go","2020-11-04 15:49:23",791.7
5767701,Sugawarya,"2020-11-03 03:12:00",274.4
5767828,ℤ𝔼𝕌𝕊,"2020-11-03 10:04:15",714.8
5767863,u++,"2020-11-03 04:48:14",385.1
5767870,Macchiato,"2020-11-04 02:28:18",629.9
5767884,"Phiratath N.","2020-11-06 02:05:04",670.7
5767886,"Uday Kumar Gurugubelli","2020-11-07 04:28:41",812.4
5767889,stpete_ishii,"2020-11-21 08:07:07",772.4
5767899,WaaSuu,"2020-11-08 14:05:46",1017.1
5767956,hitoshi,"2020-11-03 04:54:31",433.9
5767987,"Seiichiro Yoshioka","2020-11-05 06:14:25",514.0
5767994,IB,"2020-11-08 07:38:24",944.1
5768004,"Rahul D Shetty","2020-11-03 06:12:22",493.7
5768066,Tajimi,"2020-11-03 12:34:19",917.2
5768088,yuvaramsingh,"2020-11-03 05:10:33",450.9
5768096,"Taaha Khan","2020-11-10 08:13:33",1040.5
5768111,toyox2020,"2020-11-03 05:13:56",486.4
5768117,"Jumaru 🍀","2020-11-14 23:32:27",847.4
5768133,roaris,"2020-11-06 04:08:10",938.4
5768262,kambarakun,"2020-11-14 23:53:13",928.2
5768368,ryulapislazuli,"2020-11-03 06:10:29",118.4
5768483,jankenpon,"2020-11-06 17:10:33",764.7
5768499,Mickey,"2020-11-16 00:04:51",901.9
5768504,"Ayush Goel","2020-11-08 12:22:52",939.5
5768573,"aiue ola","2020-11-03 09:20:55",567.1
5768615,"papier savoir faire","2020-11-04 04:58:39",706.0
5768664,✊Amane✋Suzuki✌️,"2020-11-04 00:37:17",708.8
5768666,"Kishore M","2020-11-03 16:20:07",561.3
5768676,"Kamal Das","2020-11-16 13:54:34",808.7
5768686,"Random until we win","2020-11-06 03:00:58",923.3
5768701,"Running With Scissors","2020-11-06 14:26:20",1044.2
5768755,mst8823,"2020-11-05 09:08:39",659.0
5768763,"Five Lottery Tickets Per Day","2020-11-07 10:23:20",1029.6
5768886,YenTsai,"2020-11-06 09:03:35",813.8
5768983,"Đặng Duy Thanh","2020-11-03 09:59:15",765.1
5768984,AAAAAA,"2020-11-03 09:11:52",697.0
5769041,"Ben 10","2020-11-11 01:52:49",884.4
5769077,AcidNets,"2020-11-03 15:55:58",371.1
5769097,"Naoki Maeda","2020-11-09 00:36:29",1083.8
5769100,"Sandeepa Kariyawasam","2020-11-04 04:56:03",603.9
5769110,horohoro,"2020-11-08 15:27:51",657.4
5769136,"Gabriel Preda","2020-11-07 16:54:19",868.2
5769239,"sorting 60 kg of LEGO","2020-11-05 18:11:46",809.8
5769241,zeel0906,"2020-11-07 12:51:09",437.2
5769295,"Yaroslav Isaienkov","2020-11-07 14:29:30",943.2
5769332,"Alex Shonenkov","2020-11-03 09:46:59",629.3
5769454,Takuya,"2020-11-06 03:18:23",818.3
5769456,"✊✋✌  ⚔️","2020-11-11 05:50:12",1022.2
5769463,"Guillaume BERNARD","2020-11-03 10:12:50",311.1
5769497,"Nassim Kaddour","2020-11-08 10:17:14",850.1
5769529,"Anna Novikova","2020-11-09 11:21:31",866.7
5769543,"JD K","2020-11-04 10:26:03",687.2
5769584,mmyye3,"2020-11-03 10:44:15",464.2
5769599,"Oleg Shapovalov","2020-11-07 13:18:42",805.9
5769641,k-kamahori,"2020-11-03 11:48:22",496.3
5769660,"Artem Sobolev","2020-11-03 10:53:31",691.2
5769682,"Duke Silver","2020-11-03 18:35:27",556.9
5769709,ZFTurbo,"2020-11-14 21:49:54",854.5
5769720,"Pradeep Dethekar","2020-11-10 13:24:27",905.0
5769732,necofuryai,"2020-11-13 07:19:35",988.8
5769739,digimagi,"2020-11-12 11:09:39",808.6
5769741,moog,"2020-11-04 03:38:30",809.8
5769759,sumirow,"2020-11-11 11:57:57",1055.1
5769816,rps,"2020-11-04 10:11:05",661.9
5769839,horse_K,"2020-11-15 03:56:02",835.4
5769869,"Wang Xinliang","2020-11-03 11:40:22",481.6
5769887,"Balraj Ashwath","2020-11-05 02:47:59",829.4
5769902,。,"2020-11-21 07:20:27",868.4
5769963,yuukkki,"2020-11-03 17:59:36",568.6
5770001,hookbook,"2020-11-07 10:11:42",749.1
5770028,oimosanchi,"2020-11-03 12:21:32",326.4
5770032,toshi_k,"2020-11-07 13:29:42",947.3
5770044,グーしか出せないドラえもん,"2020-11-04 06:33:54",797.5
5770054,yosuke47,"2020-11-22 10:23:46",758.0
5770079,takuoko,"2020-11-03 13:38:55",790.8
5770092,"Junichiro Morita","2020-11-07 14:01:54",924.4
5770142,tomophonic,"2020-11-03 13:16:23",463.5
5770147,Ldx,"2020-11-03 13:07:39",536.5
5770172,NoLogic,"2020-11-09 11:02:42",847.1
5770182,"Ilia Larchenko","2020-11-19 15:38:57",890.1
5770262,Amey,"2020-11-03 12:56:51",766.3
5770367,"Roman Vlasov","2020-11-06 15:08:59",762.2
5770372,sudhanshu,"2020-11-04 09:07:04",442.5
5770411,💯,"2020-11-08 15:12:34",900.4
5770425,"Galaxy Angel X","2020-11-06 05:15:34",1044.8
5770455,"Shun Fukuda","2020-11-05 13:36:02",540.9
5770518,"Luck is all you need","2020-11-06 15:10:16",820.6
5770535,"Vadim Borisov","2020-11-03 13:59:16",661.2
5770539,Giba,"2020-11-03 18:12:45",716.3
5770556,abap34,"2020-11-07 09:05:03",693.4
5770626,KJ,"2020-11-04 15:22:43",269.0
5770632,allowfirm,"2020-11-08 01:12:51",564.5
5770640,nagiss,"2020-11-03 19:56:46",930.8
5770678,"Random(0,2)","2020-11-11 00:27:01",870.5
5770681,Satoshi_SsSs,"2020-11-17 03:11:33",699.8
5770689,KenO14146,"2020-11-22 11:53:34",757.8
5770692,"Kotaro Yamazaki","2020-11-03 14:29:53",415.2
5770701,"Bane of Random Goblins","2020-11-17 18:47:02",924.9
5770702,OutguessedOutguesser,"2020-11-07 11:35:36",906.3
5770727,Souichi,"2020-11-20 20:55:54",740.9
5770732,"TOMOHITO MITSUI","2020-11-03 16:24:31",523.7
5770761,"All Scissors is the Best","2020-11-12 03:07:18",999.1
5770789,taku_sid🤘🤟🤞,"2020-11-03 14:52:23",847.5
5770791,ML_Bear,"2020-11-15 03:00:11",978.2
5770813,"Dewei Chen","2020-11-03 14:57:59",485.1
5770848,potato4d,"2020-11-04 12:02:00",863.9
5770850,hakusai,"2020-11-03 14:59:25",506.8
5770859,"Rob Mulla","2020-11-03 16:35:25",742.9
5770877,"Tanishq Gautam","2020-11-05 06:19:07",809.7
5770882,"Boltenhagen Mathilde","2020-11-08 10:55:54",817.7
5770901,"Extreme Equilibrium","2020-11-05 16:28:37",636.7
5770951,haraso,"2020-11-03 16:17:20",737.8
5770957,Kuroki_A,"2020-11-07 15:35:55",866.8
5771021,NoKnowledgeGG,"2020-11-12 16:38:27",921.3
5771053,Ian,"2020-11-03 17:53:45",746.7
5771057,"athrun sun","2020-11-04 23:19:12",439.1
5771131,AntiSquid,"2020-11-03 16:00:07",646.7
5771190,👊✋✂️,"2020-11-09 05:13:34",924.7
5771234,"Matheus Cafalchio","2020-11-06 18:31:14",887.3
5771365,"RS Turley","2020-11-06 01:42:59",992.7
5771394,Ant1core,"2020-11-04 22:04:48",483.3
5771410,"Araik Tamazian","2020-11-12 12:30:25",911.8
5771427,"Gerard Otero Martín","2020-11-03 17:52:24",588.8
5771495,"Billy The Kid","2020-11-06 16:18:16",974.0
5771526,"Manas Garg","2020-11-03 17:28:42",495.8
5771568,Mars,"2020-11-08 11:53:31",882.6
5771571,"Michael Booth","2020-11-03 18:02:40",607.1
5771637,TicUrLastToc,"2020-11-04 00:36:59",917.1
5771676,Kwabena,"2020-11-03 18:15:21",732.6
5771758,copasta,"2020-11-04 13:46:35",736.0
5771833,"Nick John","2020-11-11 19:11:51",1113.5
5771848,"Nikita Dobrolyubov","2020-11-05 08:37:53",512.5
5771920,"Manoj Prabhakar","2020-11-04 12:48:54",834.0
5771995,"Count von Count 🦇","2020-11-05 14:40:12",911.8
5772008,FlashundTibbers,"2020-11-03 21:47:18",827.2
5772137,"John TerMaat","2020-11-06 16:04:08",1112.7
5772158,"Mathurin Aché","2020-11-11 16:21:07",948.7
5772289,BrandontheCoder,"2020-11-03 20:47:18",521.6
5772402,Grismor,"2020-11-03 21:51:12",498.4
5772436,Panos,"2020-11-04 08:59:40",1073.7
5772485,IGA,"2020-11-11 21:52:07",830.0
5772550,Simone,"2020-11-03 22:41:28",741.1
5772666,"Alex Nguyen","2020-11-06 20:59:39",507.8
5772677,Zain,"2020-11-03 23:19:19",507.4
5772713,Ornery,"2020-11-03 23:23:55",910.5
5772735,"Grey Ng","2020-11-07 09:06:27",812.1
5772768,"CoreyLevinson Reinforcement Learning","2020-11-22 13:40:06",896.5
5772788,"Peter Cnudde","2020-11-14 17:58:53",909.6
5772803,Batake,"2020-11-12 10:00:57",988.2
5772842,rokiso,"2020-11-04 00:35:38",541.3
5772866,ITK8191,"2020-11-09 23:57:11",957.7
5772919,mei,"2020-11-11 13:43:32",583.6
5772952,YYama,"2020-11-07 02:45:53",883.6
5772965,pocket,"2020-11-05 09:09:26",860.1
5773015,"RPS Survivor","2020-11-10 23:51:04",1129.0
5773047,kyazuki,"2020-11-04 01:43:32",492.6
5773156,Shujun,"2020-11-04 03:32:01",666.2
5773183,faithk7,"2020-11-04 16:29:29",686.0
5773321,AlexLCH,"2020-11-04 13:42:31",868.0
5773419,lin-jia-wei,"2020-11-06 15:22:49",737.7
5773440,shuheilocale,"2020-11-05 01:58:57",494.1
5773484,T88,"2020-11-04 03:57:19",498.5
5773553,namake,"2020-11-04 04:17:26",670.2
5773580,uratatsu,"2020-11-05 10:50:54",722.4
5773673,"Chihiro Nakayama","2020-11-04 05:42:40",466.4
5773699,huihui123456,"2020-11-04 06:01:39",802.1
5773789,"Alex Rebull","2020-11-08 14:47:39",1022.7
5773938,"Tianqi Cui","2020-11-04 15:16:14",738.5
5774009,leo,"2020-11-04 06:39:03",583.0
5774031,kkkkk,"2020-11-05 05:47:51",476.8
5774056,"Kanna Hashimoto","2020-11-04 08:25:23",865.0
5774103,真っすぐいってぶっとばす右ストレートでぶっとばす,"2020-11-04 09:43:30",439.8
5774145,OH_ds2012,"2020-11-04 07:05:28",294.9
5774297,"Niranjan Nakkala","2020-11-04 07:49:47",696.3
5774363,"kty ohbe","2020-11-12 21:54:02",501.2
5774437,tekunosu03,"2020-11-04 08:30:15",1012.6
5774554,village024,"2020-11-04 08:37:20",394.8
5774614,Isamu,"2020-11-04 09:20:12",552.8
5774637,"amin ghani","2020-11-04 14:06:16",862.6
5774657,"The fourth move","2020-11-04 14:03:39",896.0
5774709,taco,"2020-11-08 02:23:41",990.4
5774740,"Swapnil Bhange","2020-11-11 13:41:52",1051.1
5774744,tachyon777,"2020-11-07 08:14:25",625.8
5774752,First...comes...Rock...,"2020-11-06 02:45:38",529.6
5774803,CeiDingKer,"2020-11-14 12:52:58",805.6
5774859,tarobxl,"2020-11-04 09:56:56",681.5
5774975,"Dmitry Yemelyanov","2020-11-08 06:11:06",945.5
5774995,"Allen Cunningham","2020-11-06 19:48:13",576.4
5775003,Masanory,"2020-11-04 10:26:36",516.6
5775004,aCode,"2020-11-09 07:18:43",944.0
5775090,"Marko TS","2020-11-04 17:20:53",796.1
5775091,JumpeiT,"2020-11-04 10:52:45",783.9
5775257,NashiUsagi,"2020-11-15 08:34:15",914.9
5775290,"Nikita Konodyuk","2020-11-04 12:17:11",384.4
5775301,celestial712,"2020-11-11 05:44:01",871.9
5775395,navneeth,"2020-11-09 03:47:30",545.0
5775428,erniogi,"2020-11-05 16:51:05",739.4
5775501,"Dwight Schrute Senior Paper Salesman","2020-11-04 18:00:45",804.8
5775617,"You Sheng","2020-11-05 16:24:25",904.4
5775639,Powell,"2020-11-09 15:45:24",997.4
5775681,minaminao,"2020-11-04 13:51:47",835.4
5775691,"Soki Nishiyama","2020-11-04 14:26:38",731.9
5775696,Johannes,"2020-11-04 13:53:35",569.6
5775708,Цуефа!,"2020-11-10 18:29:45",986.9
5775745,"Tomoki K","2020-11-06 02:49:44",408.3
5775800,Key-tan,"2020-11-09 17:37:09",802.8
5775865,Maho,"2020-11-04 14:58:29",535.2
5775882,"random walker","2020-11-11 14:06:45",881.2
5775967,kurupical,"2020-11-15 02:03:17",506.6
5776004,kibuna,"2020-11-04 14:41:35",815.6
5776229,國立台灣吃飯大學,"2020-11-04 15:03:57",682.0
5776318,Homma,"2020-11-05 05:33:18",888.2
5776426,glazed,"2020-11-17 16:14:39",806.3
5776516,"Germano Yoneda","2020-11-12 14:47:59",885.6
5776715,"Mingkun Yu","2020-11-04 17:12:11",554.5
5776732,Ilu,"2020-11-17 21:27:06",744.0
5776801,"Vladimir M","2020-11-08 11:14:30",815.5
5776803,"Jacob Frumkin","2020-11-10 06:16:57",841.0
5776846,NM,"2020-11-05 21:44:57",774.0
5776963,baba,"2020-11-18 07:06:36",829.6
5777202,"Dmitriy Ershov","2020-11-04 20:16:35",404.1
5777425,"Elena Moltchanova","2020-11-07 23:04:50",679.3
5777495,MihailMV13,"2020-11-04 21:24:33",585.2
5777821,"Manh Lab","2020-11-04 23:35:22",664.8
5778818,"Anshul Agrawal","2020-11-08 09:59:53",664.1
5778821,"David Lizano","2020-11-05 01:00:46",521.1
5778837,"Lyndon F","2020-11-04 23:46:42",852.1
5778871,"Learn 2 Win 🧠","2020-11-16 00:23:00",777.3
5778908,"yui coiuyu","2020-11-05 00:52:25",371.4
5778967,tkasuga,"2020-11-05 01:04:28",574.0
5778990,TAoyama2,"2020-11-05 01:12:02",363.6
5779086,ML_Expert_Silicon_Valley,"2020-11-05 16:47:01",632.6
5779131,mueru,"2020-11-06 01:40:12",900.7
5779267,ogidif,"2020-11-05 02:27:45",551.4
5779464,"Manuel Alejandro Rodriguez Rivera","2020-11-06 06:07:29",715.6
5779640,"Victor Zaguskin","2020-11-13 06:04:55",985.3
5779847,npi_npi,"2020-11-05 05:55:07",890.3
5779904,atom1231,"2020-11-06 00:56:27",851.0
5779928,Defcon,"2020-11-14 06:52:47",836.4
5779998,thajime,"2020-11-06 03:13:30",600.4
5780407,"Siddharth Chandrakant","2020-11-05 09:07:47",684.2
5780414,"Zhiwei Ren","2020-11-05 07:51:25",774.3
5780489,saihyou,"2020-11-05 08:47:28",531.8
5780560,ko,"2020-11-06 16:58:28",582.3
5780632,sHaw,"2020-11-05 08:56:06",414.3
5780652,FishWith7sMemory,"2020-11-10 09:13:38",699.2
5780706,neibyr,"2020-11-12 18:40:45",1037.3
5780901,FelipeKitamura,"2020-11-08 23:26:36",676.1
5780942,"Laurine HUBER","2020-11-07 18:47:17",355.8
5780987,u1234x1234,"2020-11-05 18:24:50",492.8
5781028,MrLittle,"2020-11-05 11:20:36",589.5
5781071,popketle,"2020-11-23 23:07:59",869.8
5781114,"shanti zmuschi","2020-11-05 12:17:19",706.6
5781268,rmizuta,"2020-11-05 11:53:55",516.9
5781301,"Sergey Stupin","2020-11-05 11:30:08",908.4
5781418,M&M,"2020-11-05 11:48:29",575.6
5781480,"T Nakamura🎰","2020-11-11 11:17:20",960.0
5781540,nekoumei,"2020-11-05 12:06:29",741.4
5781552,cold_star,"2020-11-05 12:06:39",612.8
5782407,Yosshi999,"2020-11-06 19:11:13",889.2
5782551,Imaginatic,"2020-11-05 16:47:57",869.2
5783001,"Clarity Coders","2020-11-07 18:13:26",819.5
5783003,Jay,"2020-11-06 00:03:22",739.2
5783208,pranshu,"2020-11-05 18:42:57",710.8
5783301,"La Gente Fuerte","2020-11-16 13:32:11",838.9
5783528,Luke,"2020-11-14 04:35:35",708.5
5783573,"Memy Selfandi","2020-11-07 18:58:27",393.1
5783574,"Richard Hughes","2020-11-08 03:39:06",561.5
5783606,yetinam,"2020-11-05 20:09:35",590.9
5783610,"Data Craze","2020-11-05 20:17:13",448.0
5783633,topa,"2020-11-05 20:46:05",528.8
5783665,"Prakhar Ganesh","2020-11-05 21:05:11",814.2
5783693,"Szegedi Gábor","2020-11-13 23:50:37",957.0
5783709,"Antonio Marin","2020-11-06 08:11:22",894.8
5783710,Kapya,"2020-11-05 20:35:51",255.6
5783728,suns,"2020-11-06 08:36:13",860.1
5783745,WilhelmRoscher,"2020-11-05 20:51:19",738.0
5783766,"shrey gupta","2020-11-08 19:14:01",404.3
5783770,"Alexander Berryhill","2020-11-06 21:08:43",688.0
5783772,"Spock 🖖","2020-11-09 07:43:02",1000.2
5783814,Andrew,"2020-11-14 14:32:55",888.6
5783822,"Most Illogical","2020-11-19 17:39:52",866.4
5783840,Fadi_M,"2020-11-06 20:10:00",685.5
5783848,"Leonardo Mauro","2020-11-20 02:46:58",786.1
5783875,"Uninstall TFT","2020-11-05 23:20:20",855.4
5783880,"Anderson Faller","2020-11-23 12:55:11",836.3
5783882,"Salvatore McCarty","2020-11-05 23:12:11",753.7
5783897,"Jose J. Rodriguez","2020-11-05 21:14:37",487.9
5783905,"Rashik Rahman Pritom","2020-11-09 11:36:10",482.0
5783952,"mike h","2020-11-19 16:03:21",871.0
5783972,"Lapidary Acorn","2020-11-05 21:47:23",290.6
5783980,"Vladimir Kashirin","2020-11-11 22:13:06",609.4
5783981,RajanMarwaha,"2020-11-05 21:40:04",711.1
5783995,"Moomal Qureshi","2020-11-05 23:42:57",569.7
5784025,"Benjamin Maréchal","2020-11-05 21:38:50",474.6
5784140,BrianKimmig,"2020-11-10 23:48:16",860.8
5784147,Hossein,"2020-11-12 01:07:41",723.2
5784174,"jay jayjay","2020-11-06 02:15:48",726.8
5784197,"I don't know what I am doing","2020-11-13 03:10:31",789.1
5784203,OllyAttwood,"2020-11-15 12:56:05",901.0
5784208,CarrDelling,"2020-11-05 22:52:23",950.4
5784218,"Mohamed Essam","2020-11-06 10:11:07",807.7
5784254,"Marcus Marrow","2020-11-14 00:58:36",846.5
5784282,Jukensei,"2020-11-06 11:50:02",795.7
5784295,"Aman Singh","2020-11-24 00:28:47",892.0
5784360,"Abdurrezzak EFE","2020-11-06 13:29:26",802.5
5784394,FAndrades,"2020-11-15 00:01:22",887.5
5784409,[Deleted],"2020-11-06 00:02:11",827.0
5784436,Takahashi,"2020-11-08 02:20:27",493.9
5784437,Maurits,"2020-11-05 23:58:08",700.8
5784555,"Tim Bogomolov","2020-11-13 08:05:32",779.9
5784559,"Rafael Sabbagh","2020-11-06 02:53:40",651.6
5784575,Crowntail,"2020-11-06 01:39:54",589.4
5784594,"Dan Evans","2020-11-12 06:46:29",544.2
5784613,"Kengo Ichiki","2020-11-06 00:50:58",295.7
5784682,KishinNext,"2020-11-08 13:50:35",403.8
5784773,"Jayden Tan","2020-11-06 04:12:45",666.9
5784792,JosephChan,"2020-11-22 11:01:57",738.8
5784813,TY.Yang,"2020-11-06 02:27:27",992.7
5784829,"Gino Perrotta","2020-11-14 16:52:26",787.0
5784961,"Edward Crookenden","2020-11-09 01:49:36",995.5
5784968,Turing,"2020-11-08 01:39:23",806.3
5785000,"Nash Equilibrium FTW","2020-11-06 02:42:29",1004.8
5785151,Jonen,"2020-11-07 17:56:43",830.5
5785164,"Trash King","2020-11-06 04:40:59",795.1
5785177,"Chad Tucker","2020-11-06 14:20:19",658.2
5785234,"Ayush Thada","2020-11-10 07:28:19",863.1
5785274,"Michael Schock","2020-11-06 04:24:06",508.5
5785280,"Ayushman Buragohain","2020-11-06 04:05:30",619.8
5785285,mzvn,"2020-11-12 16:18:57",648.9
5785302,"Alex Rivera Cruz","2020-11-08 05:00:16",895.3
5785364,frunk,"2020-11-06 15:24:28",1013.6
5785365,Pulkt1,"2020-11-07 03:55:59",934.1
5785567,PieForever,"2020-11-06 08:49:02",717.6
5785609,"Ceshine Lee","2020-11-06 05:44:33",471.9
5785647,Caffeinism🤔,"2020-11-06 07:27:03",871.4
5785707,Vijay,"2020-11-15 06:43:09",857.3
5785715,"The Rock, PaperSpace, Chopsticks","2020-11-09 12:38:37",820.6
5785716,Xhroria,"2020-11-22 04:53:24",784.2
5785731,"William Dixon","2020-11-07 07:41:06",638.7
5786016,"Tomoya Inagaki","2020-11-06 14:48:48",503.6
5786041,Avadhūta,"2020-11-06 07:20:13",389.5
5786089,rc95401,"2020-11-20 05:01:25",772.8
5786120,Ariella,"2020-11-06 07:39:51",471.2
5786206,Awanda,"2020-11-06 08:26:54",346.5
5786212,"David Black","2020-11-06 07:51:32",369.9
5786215,claudemao,"2020-11-06 08:46:29",600.3
5786244,RINKESH,"2020-11-06 07:59:10",514.6
5786315,"kochenov eugene","2020-11-13 21:51:05",851.9
5786380,esprit,"2020-11-13 09:06:04",972.7
5786468,"Takahiro Saito","2020-11-07 10:21:57",525.2
5786485,takaito,"2020-11-20 07:18:13",661.9
5786488,"Yosuke Kurosu","2020-11-07 10:58:16",901.1
5786510,alsaco,"2020-11-06 08:50:26",654.5
5786512,ThinusPotgieter,"2020-11-08 07:36:54",746.3
5786528,"Vinu Balan J","2020-11-06 11:50:20",639.1
5786677,"Stas Sl","2020-11-18 20:08:04",1088.7
5786687,malykony,"2020-11-17 20:09:31",702.6
5786709,manavspg2,"2020-11-06 09:34:24",620.3
5786716,"Sidharth Arya","2020-11-06 19:41:01",465.7
5786763,Kundan,"2020-11-06 09:51:58",433.3
5786807,Julienrogues,"2020-11-06 11:07:46",383.0
5786854,"Tony Robinson","2020-11-13 18:00:27",953.6
5786856,"Masato Kurokawa ","2020-11-07 01:33:49",805.1
5786870,"Keith Poole","2020-11-06 12:32:37",744.9
5786886,Solaire,"2020-11-11 10:36:10",835.2
5786906,Piotr,"2020-11-06 14:00:29",807.3
5786914,SzaKri,"2020-11-06 10:34:30",498.4
5786920,zhasulan,"2020-11-09 08:04:50",648.1
5786963,"Marco Scattolin","2020-11-06 11:24:39",470.7
5786969,"Amr Keleg","2020-11-07 19:57:01",446.3
5787056,"Raivo Koot","2020-11-06 11:06:47",404.4
5787065,"Vincent Haguet","2020-11-11 11:33:41",494.7
5787069,"Hossein Masoumi Karakani","2020-11-06 11:07:32",802.2
5787099,"Ben Toussaint","2020-11-09 09:12:35",656.2
5787164,kgourgou,"2020-11-11 10:08:56",753.9
5787179,stefhaas,"2020-11-06 12:54:30",685.0
5787192,"Kitson Wong","2020-11-07 22:41:54",754.7
5787202,mcorbe,"2020-11-06 12:21:18",362.4
5787299,"Victor Zhao","2020-11-06 12:26:08",289.0
5787304,"Victor de la Fuente","2020-11-23 08:28:02",747.8
5787313,zhangwei,"2020-11-06 13:30:10",853.1
5787314,"Yury Belousov","2020-11-06 12:20:48",910.4
5787315,"Harald Ludwig","2020-11-08 20:01:54",793.4
5787371,"Sergey Polezhaev","2020-11-06 12:44:40",332.8
5787404,RandomNumberGenerator,"2020-11-10 03:37:21",717.6
5787509,"Dan Watson","2020-11-09 00:59:06",976.1
5787592,crinoid,"2020-11-17 03:03:50",843.7
5787651,"Anton Morkovkin","2020-11-06 15:12:51",427.2
5787670,"Team Ancoris","2020-11-12 17:34:58",949.9
5787673,"Alejandro Aristizábal","2020-11-11 01:32:41",571.6
5787709,WXYZ,"2020-11-16 09:34:35",1043.1
5787721,tenyaf,"2020-11-07 15:04:52",932.3
5787735,10751510,"2020-11-16 18:20:17",748.2
5787746,KU,"2020-11-17 13:23:27",679.7
5787792,CarolinePearl,"2020-11-06 19:15:06",878.8
5787833,"Muhammad R. Gad","2020-11-06 15:11:07",631.3
5787895,"Felix Riermaier","2020-11-06 15:32:53",624.1
5787898,QPyWar,"2020-11-14 04:45:37",769.8
5787916,"William Becher","2020-11-06 17:27:27",851.5
5787953,"Patrik Hudačko","2020-11-19 16:06:58",717.0
5788030,Chico,"2020-11-19 19:47:34",667.4
5788283,Charles-Eric,"2020-11-21 23:37:52",891.0
5788324,"Tim Sereno","2020-11-13 21:26:16",792.5
5788370,"Ashoka Ekanayaka","2020-11-15 17:43:48",901.9
5788592,"John Buttram","2020-11-07 21:05:55",777.8
5788618,"Shashank Shekhar","2020-11-08 22:52:20",850.4
5788822,"Nguyễn Hưng","2020-11-07 14:02:14",802.4
5788835,SnackLine,"2020-11-06 19:11:27",369.3
5788907,"Greg Hamel","2020-11-06 19:55:16",806.5
5788938,"Demetry Pascal","2020-11-06 19:47:23",799.7
5789009,"Petr B","2020-11-06 20:29:56",763.6
5789035,"Purple Puppy","2020-11-11 00:10:13",1040.1
5789093,"edhi wiyoto","2020-11-06 20:43:40",544.1
5789102,"Erin Ward","2020-11-07 01:14:12",560.1
5789106,"Ashutosh Barthwal","2020-11-06 22:45:36",867.4
5789113,"Mert Unsal","2020-11-06 20:50:13",871.4
5789170,goandkill,"2020-11-16 15:27:22",690.3
5789240,"Tymofii Nasobko","2020-11-06 21:39:18",322.5
5789284,"Alan Ryan","2020-11-08 20:25:25",389.5
5789312,ön7uda705,"2020-11-20 02:25:12",646.6
5789317,"Luis Pinto","2020-11-06 22:13:23",896.5
5789393,Oregin,"2020-11-18 14:33:01",597.1
5789502,Datahill,"2020-11-08 11:41:54",867.7
5789553,"Douglas Atkinson","2020-11-08 05:19:14",728.9
5789625,"Vinicius Regitano","2020-11-22 22:16:16",755.0
5789721,SKYap,"2020-11-07 02:20:56",496.7
5789767,the1owl,"2020-11-07 10:23:07",342.0
5789972,"Belinda Trotta","2020-11-15 04:16:41",724.1
5790053,"Christopher Hittner","2020-11-07 04:46:56",768.6
5790065,"Yusuke Kono","2020-11-07 04:32:39",614.3
5790232,cccwest44,"2020-11-07 05:57:54",931.8
5790239,Abilityguy,"2020-11-07 05:32:22",478.4
5790280,"One win to sleep","2020-11-10 02:55:00",570.5
5790391,gawashi,"2020-11-07 07:23:42",561.2
5790414,minguin,"2020-11-07 06:11:48",487.9
5790441,denetti,"2020-11-07 06:31:37",475.3
5790515,Nichevo,"2020-11-07 06:49:44",504.0
5790621,zuqqhi2,"2020-11-07 07:45:57",714.5
5790703,ikeuchy,"2020-11-22 09:38:39",740.1
5790749,kur0cky,"2020-11-07 08:08:32",730.1
5790797,"Keiichiro Tani","2020-11-12 12:43:06",687.8
5790850,"Jaime Lluch","2020-11-08 18:10:48",638.1
5790894,"Dhruval Karmariya","2020-11-07 09:12:44",475.5
5790905,HigashinoYuki,"2020-11-07 09:27:34",450.6
5790985,"Yonatan Rabinovich","2020-11-08 19:52:29",463.2
5791006,"Katie Spivakovsky","2020-11-10 09:36:37",743.2
5791097,zizun,"2020-11-07 10:19:27",583.4
5791155,NSNT,"2020-11-09 21:09:03",848.7
5791203,"Nikolaos Toumpanakis","2020-11-07 15:06:51",621.2
5791231,Appian,"2020-11-07 10:36:15",844.3
5791322,Tim°,"2020-11-08 09:51:11",874.4
5791435,"Emiliy Feldman","2020-11-07 12:42:18",821.3
5791461,dariox2,"2020-11-08 16:53:38",694.9
5791525,krwotok,"2020-11-15 22:00:33",455.5
5791777,"Troy Le","2020-11-09 07:56:12",678.4
5791890,"Denis Vlasov","2020-11-10 20:21:31",863.4
5791943,ammarali32,"2020-11-16 21:01:17",739.5
5791982,slm37102,"2020-11-07 14:54:06",551.7
5792066,data47,"2020-11-12 20:25:30",598.5
5792139,otto_sei,"2020-11-09 14:23:42",518.4
5792181,kabayan,"2020-11-07 17:00:52",468.5
5792348,"Adam Suwik","2020-11-08 01:28:16",921.9
5792421,"Sriram Raghu","2020-11-08 17:43:05",849.2
5792432,Natram,"2020-11-07 19:32:41",526.9
5792460,Cero,"2020-11-07 17:08:24",606.5
5792512,setcha,"2020-11-10 15:22:05",733.9
5792543,Lucky,"2020-11-22 06:35:11",737.9
5792671,"David Abelin","2020-11-22 05:34:05",778.7
5792681,Mohit,"2020-11-08 17:30:58",509.8
5792682,Tadek_z_Galycji,"2020-11-07 17:51:26",597.6
5792780,GyuriVagyokAHegyrol,"2020-11-21 23:41:43",890.1
5792783,"Lucas Boesen","2020-11-08 22:49:48",773.8
5792869,Aman.cyberia,"2020-11-07 18:53:33",556.7
5792887,Kevin,"2020-11-16 11:21:54",888.5
5792926,cesar,"2020-11-07 19:27:49",747.2
5792962,cornelg7,"2020-11-11 09:57:20",861.3
5793021,"Jacek Rzeszutek","2020-11-09 19:38:14",823.6
5793024,"Where is my bag","2020-11-11 19:02:24",978.0
5793032,"Etienne Moerman","2020-11-10 20:44:42",683.8
5793069,"Johnattan Ontiveros","2020-11-15 03:03:48",404.6
5793112,"Grigory Kovtun","2020-11-07 20:41:30",460.3
5793156,"Jan Bre","2020-11-09 17:53:16",860.0
5793497,Mooma,"2020-11-24 00:06:55",929.0
5793597,"James McGuigan","2020-11-08 02:52:59",914.2
5793609,"elife elife","2020-11-08 08:18:17",1009.9
5793728,Kouki,"2020-11-08 03:20:31",748.1
5793834,"Jake Will","2020-11-08 02:53:50",680.3
5794034,"Weston King-Leatham","2020-11-08 20:54:58",915.9
5794257,"Zhe Hou","2020-11-12 10:24:59",758.4
5794267,MeisterMorxrc,"2020-11-08 06:26:08",913.3
5794318,"Isaka Tsuyoshi","2020-11-08 06:51:21",791.0
5794323,"Jo Tang","2020-11-08 07:18:17",509.9
5794572,MAMO,"2020-11-10 14:00:10",803.2
5794628,Vikings,"2020-11-15 18:36:18",561.4
5794778,hinori,"2020-11-09 02:29:24",737.3
5795060,Makutamoto,"2020-11-08 10:35:13",335.0
5795109,"Team Pigeon","2020-11-08 20:49:15",651.1
5795162,motherflockerz,"2020-11-16 10:06:19",641.1
5795204,"a COOL name","2020-11-12 05:41:15",871.1
5795544,Halvard,"2020-11-12 19:02:21",971.7
5795614,cc,"2020-11-15 04:53:22",879.3
5795800,Mengdong,"2020-11-08 15:09:53",715.8
5795833,"Ahmet Kalay","2020-11-08 14:29:18",375.1
5796361,HY2017,"2020-11-24 07:21:05",936.1
5796493,"J.J. Toharia Zapata","2020-11-09 02:08:00",775.5
5796593,hiro_fumiko,"2020-11-16 07:03:07",858.8
5796661,groupbuilder,"2020-11-08 18:09:28",680.2
5796759,"Maciej Witkowiak","2020-11-08 18:37:28",437.9
5796788,sch,"2020-11-15 18:00:28",875.6
5797229,"Adrien Vdk","2020-11-08 21:48:47",667.8
5797386,farseer,"2020-11-08 22:54:01",640.5
5797563,Bovard,"2020-11-15 21:04:00",483.5
5797578,Jude,"2020-11-08 23:40:32",832.9
5797780,ThinkHolger,"2020-11-12 15:25:12",900.1
5797902,tigued,"2020-11-09 21:52:31",582.4
5797926,cdgamlin,"2020-11-24 01:30:39",820.5
5798144,wpkmss,"2020-11-09 10:28:44",451.5
5798229,"Bhavesh Parmar","2020-11-11 05:10:01",902.8
5798501,Raiii,"2020-11-23 09:33:06",656.1
5798603,cj,"2020-11-19 03:58:54",336.2
5798820,唐渺渺,"2020-11-09 05:52:03",652.9
5799142,gwei,"2020-11-10 06:52:37",690.8
5799331,"Zeeshan Patel","2020-11-11 08:16:11",757.8
5799333,"Vicens Gaitan","2020-11-13 07:56:49",890.2
5799552,"Matthew Walbran","2020-11-18 16:07:11",831.7
5799562,weedjy,"2020-11-11 13:06:58",711.5
5799821,"Francesco Lucchi","2020-11-09 09:23:01",823.7
5800035,garyong,"2020-11-09 10:55:42",705.1
5800136,MTBT,"2020-11-16 09:16:02",857.2
5800177,Narendra,"2020-11-09 11:13:51",781.7
5800365,Bookoff,"2020-11-09 11:37:45",477.3
5800393,"Luca Massaron","2020-11-11 10:08:27",611.8
5800426,Rafa,"2020-11-10 19:23:00",851.1
5800610,TKE,"2020-11-09 21:08:27",796.5
5800683,"Makoto Watanabe","2020-11-11 08:27:02",411.8
5800738,"N V S Abhishek","2020-11-09 13:18:59",346.9
5800824,"yuval reina","2020-11-10 19:38:11",899.7
5800988,"Carlos Gómez","2020-11-11 14:21:11",882.4
5801002,Hiroyk,"2020-11-11 13:08:11",646.7
5801018,ntjcourse,"2020-11-10 05:29:37",1009.7
5801088,kashmiri_mirch,"2020-11-09 18:54:10",550.2
5801129,"Team 0","2020-11-12 16:54:52",853.0
5801304,jima,"2020-11-09 15:07:33",466.2
5801422,"Christoph Ostertag","2020-11-09 16:04:28",832.8
5801492,RichardDallaway,"2020-11-09 15:38:50",774.5
5801578,JamshaidSohail,"2020-11-11 17:19:26",558.5
5801680,"Masanori HIRANO","2020-11-11 01:57:36",844.9
5802550,"Reed Andreas","2020-11-10 13:30:02",647.0
5802691,SN,"2020-11-09 21:48:19",793.1
5802887,"Lopatkin Evgeniy","2020-11-09 22:50:13",908.7
5803703,"Robert Abramowitz","2020-11-10 02:57:46",414.6
5803759,BrownHash,"2020-11-12 23:30:30",521.7
5803831,"Shawn Goldwasser","2020-11-10 06:05:43",734.8
5803928,"Witcho De Alba Rivera","2020-11-13 13:40:52",680.4
5804095,AmazingDH,"2020-11-10 06:17:30",472.2
5805319,kokiworse95,"2020-11-10 10:16:50",281.6
5805820,"Aleko Dimiev","2020-11-10 12:32:43",578.8
5805830,mintear,"2020-11-10 14:43:19",759.4
5806293,MrAzK0,"2020-11-12 14:33:28",896.1
5806397,thirota,"2020-11-10 14:34:58",345.5
5806439,Skanderovitch,"2020-11-12 00:02:49",890.7
5806605,RuofengYuan,"2020-11-10 15:24:29",683.8
5806811,"Rupesh Deshmukh","2020-11-10 16:06:29",404.1
5806885,"Fernando Aires","2020-11-10 18:31:56",565.4
5806911,Touyu,"2020-11-10 16:44:22",652.9
5807070,"Joselyn Norah","2020-11-10 18:11:59",870.0
5807090,Daniel5555,"2020-11-10 17:35:19",709.6
5807214,Barteksv12,"2020-11-11 12:18:24",818.2
5807283,jsggvr,"2020-11-10 18:03:49",604.8
5807475,"Jake Ward","2020-11-10 19:00:30",657.9
5807509,MG,"2020-11-16 18:24:28",545.0
5807592,"Marcel LANDOLT","2020-11-11 16:29:37",697.2
5807776,"Mariuz T","2020-11-14 17:55:46",734.1
5807793,JacksonIsaac,"2020-11-15 19:17:59",735.9
5808104,"rhinopithecus ","2020-11-10 22:53:22",520.3
5808178,"Kieran Davis","2020-11-10 23:09:27",444.7
5808315,tropolone,"2020-11-11 01:15:15",465.9
5808344,BGN,"2020-11-11 00:41:53",596.3
5808619,"Ilya Pastushkov","2020-11-22 06:28:22",541.9
5808756,Windmissing,"2020-11-11 02:44:54",352.4
5808810,taka.mie,"2020-11-15 05:21:54",858.0
5808877,Bonsai,"2020-11-18 18:56:17",808.2
5809310,"Ryan Corpuz","2020-11-18 03:26:59",667.0
5809314,Jo,"2020-11-11 05:34:18",361.2
5809431,kgareth,"2020-11-11 06:26:37",613.9
5809998,lulu,"2020-11-14 12:59:13",841.5
5810133,pack,"2020-11-11 10:29:30",489.3
5810383,"Nicolas Cazard","2020-11-12 09:03:15",710.5
5810503,"Aatif Fraz","2020-11-14 14:13:30",720.5
5810548,"Rich Moore","2020-11-11 10:48:58",312.1
5810618,kipa,"2020-11-11 19:17:37",842.2
5810640,moscwa,"2020-11-14 10:21:50",797.4
5810809,"Chen Zhaofei","2020-11-18 01:00:20",909.7
5811229,"Daniel Kloeck","2020-11-11 14:19:14",686.1
5811325,somnambWl,"2020-11-13 21:10:19",688.7
5811397,"Marin Kisic","2020-11-11 15:00:28",592.9
5811497,yuuu,"2020-11-14 05:20:04",641.4
5811944,Gadgeteer,"2020-11-11 17:05:54",319.8
5812017,steubk,"2020-11-21 17:08:55",958.2
5812197,andrekos,"2020-11-11 18:00:12",908.7
5812386,"Dima Kuznetsov","2020-11-11 17:59:24",297.9
5812396,welniak,"2020-11-13 17:24:06",406.7
5812921,r2d1,"2020-11-14 15:15:20",892.5
5813153,"Mikhail Dektyarev","2020-11-11 22:36:20",817.4
5813437,"wassim henia","2020-11-13 12:25:58",843.8
5813467,"Abyss Syndrome","2020-11-21 05:29:49",610.9
5813596,"Mannan Bhardwaj","2020-11-22 22:51:04",691.2
5814025,a@1Jrke,"2020-11-12 03:11:27",650.8
5814814,MACARONI,"2020-11-12 07:29:26",566.1
5815041,"Iain Clark","2020-11-17 08:44:09",805.2
5815657,"Albert Garreta","2020-11-14 14:35:59",801.9
5815816,"Alexey Chudinov","2020-11-23 11:33:13",818.2
5816035,Choonje,"2020-11-12 12:42:31",693.3
5816099,"Lucien de Rubempre","2020-11-23 21:40:28",857.7
5816244,"Abdelghani Belgaid","2020-11-21 11:41:51",772.5
5816344,"Aleksandr Kruchinin","2020-11-13 07:17:24",852.7
5816400,"Harshit Goyal","2020-11-12 13:37:49",349.8
5816634,"Artem Solomatin","2020-11-12 14:29:53",904.4
5816686,Kitsunezumi,"2020-11-12 15:34:13",531.8
5817053,Sadari,"2020-11-12 23:27:18",578.2
5817084,yukiya,"2020-11-13 16:43:38",821.3
5817297,BSG522,"2020-11-15 12:30:20",753.4
5817388,Sh1r0,"2020-11-20 00:20:17",748.0
5817621,kimurayut,"2020-11-15 05:43:05",947.9
5817742,IAIB,"2020-11-12 17:55:46",559.5
5817890,Clint,"2020-11-12 21:25:04",573.0
5817924,Bill,"2020-11-12 19:25:12",508.7
5817992,Parth93,"2020-11-12 19:18:56",484.9
5818138,"Peter Nagymathe","2020-11-15 22:17:22",791.5
5818232,"Tanguy Perennec","2020-11-15 21:39:16",887.1
5818523,"Amine El Qaraoui","2020-11-12 22:07:05",327.3
5818614,"Vincent T","2020-11-13 01:12:28",774.0
5818914,"Huy Quoc","2020-11-13 00:48:43",626.0
5819134,"Team RNG","2020-11-13 20:05:27",868.0
5819783,CrappyAlphaZero,"2020-11-13 06:38:22",399.2
5820771,"joel DACQUIN","2020-11-13 17:43:29",437.2
5820919,"Ray Melius","2020-11-13 11:26:55",926.3
5821181,matt,"2020-11-13 14:04:13",860.5
5821831,Bart,"2020-11-13 15:30:17",721.9
5822376,kecsap,"2020-11-13 17:51:51",386.6
5822457,"Ben Collister","2020-11-18 12:52:14",483.6
5822512,"Susmit Rajeev Vengurlekar","2020-11-13 17:50:45",740.5
5822544,Yvitol,"2020-11-13 18:18:03",887.0
5822573,"Los Mantecoles","2020-11-22 16:40:39",579.8
5822718,"Pavel Smirnov","2020-11-13 19:18:58",703.4
5822823,Kuba,"2020-11-22 14:35:15",586.5
5822992,"keenan simpson","2020-11-14 00:55:08",708.4
5823720,"Adrian Kang","2020-11-14 03:35:44",784.3
5824575,"Der Informatiker","2020-11-15 08:11:18",516.9
5824645,JCLV44,"2020-11-19 22:43:42",955.4
5825108,"Agro Swagro","2020-11-14 10:47:42",832.3
5825180,"Christos Miamis","2020-11-14 11:14:35",866.1
5825294,"Lv Sihan","2020-11-14 13:37:50",765.2
5825480,"Chinenye Raphael","2020-11-14 13:18:15",822.8
5825722,"Christoph Deil","2020-11-15 10:10:55",790.5
5825811,"Ton Badal","2020-11-14 14:29:49",617.2
5825812,"ANDREA MINARDI","2020-11-15 19:12:30",647.7
5825842,"Denise Sodero Vinhas Portugal","2020-11-14 14:37:58",658.5
5826115,Ezrengine,"2020-11-22 09:32:07",824.7
5826175,"Leonardo Ratia","2020-11-16 19:19:36",326.3
5826181,htsbrer,"2020-11-15 13:15:42",767.8
5826404,Cyberworms,"2020-11-15 15:31:20",472.4
5826530,"Louis-Ashley CAMUS","2020-11-14 18:03:01",703.8
5826765,"Miron Tegze","2020-11-18 17:18:07",828.4
5826960,"Théo Boyer","2020-11-16 20:27:49",705.5
5827230,"YUZHE NI","2020-11-15 06:01:17",701.3
5827269,commandini,"2020-11-15 08:36:11",582.5
5827502,true_pk,"2020-11-15 01:25:41",472.8
5827547,Laituli,"2020-11-15 02:18:22",856.6
5827793,bjTT,"2020-11-22 02:14:31",866.7
5827817,daigo,"2020-11-15 04:59:13",748.2
5827891,dynamic24,"2020-11-20 02:16:19",849.4
5827903,"Valerii Boldakov","2020-11-15 07:54:54",442.4
5827908,"James Corbin","2020-11-17 00:01:44",674.8
5828670,"Kah Hui Tee","2020-11-15 16:51:42",444.1
5828743,Jamaisvu,"2020-11-21 09:12:20",828.7
5828780,HaimFeldman,"2020-11-15 20:55:12",834.7
5828863,EliShafer,"2020-11-15 10:24:08",458.1
5829013,"monica jayaram","2020-11-15 11:39:11",349.3
5829046,"Fabian Vogel","2020-11-16 21:42:19",709.5
5829066,someone12469,"2020-11-21 08:45:46",852.1
5829286,"Just try","2020-11-16 11:31:14",769.1
5829442,"Southampton Agent","2020-11-22 13:58:45",773.8
5829596,Mario,"2020-11-22 17:07:33",946.8
5829640,Foesi,"2020-11-15 19:56:59",529.7
5829821,Jeonghahahaa,"2020-11-16 13:39:15",599.5
5829849,aaaaaakote,"2020-11-18 15:26:33",913.7
5830152,"Tanguy d'Hose","2020-11-16 18:56:49",721.6
5830247,"walaa othman","2020-11-16 06:37:07",680.7
5830303,Jeremy,"2020-11-22 20:06:23",648.2
5830638,ceceok,"2020-11-15 18:16:43",391.6
5830691,"rick arnes","2020-11-15 19:06:40",842.8
5831687,XiaokangWang,"2020-11-16 01:03:24",644.1
5831762,kami,"2020-11-19 05:17:24",928.1
5832142,Mosamosa,"2020-11-18 06:29:37",863.8
5832894,csro,"2020-11-22 03:19:28",915.1
5833166,Autumnn,"2020-11-19 03:26:10",811.8
5833596,"Felix Trihardjo","2020-11-21 05:04:32",681.6
5833730,Akhmediyar,"2020-11-16 09:58:29",566.8
5834295,"Siddhant Sadangi","2020-11-16 12:15:23",517.2
5834561,"Mohamed Farouk","2020-11-18 14:37:36",373.6
5834588,RomanKuzenkov,"2020-11-16 13:26:52",767.8
5835208,"Hiroto Sekita","2020-11-16 15:14:22",599.5
5835214,"Go To Rip","2020-11-17 00:04:06",612.5
5835395,emre,"2020-11-16 16:56:26",793.3
5836556,"Lukas Galke","2020-11-16 16:52:26",652.7
5836632,"Marcos Ferreira","2020-11-16 18:27:48",629.3
5836813,"Haggis Tamer","2020-11-17 16:05:08",785.2
5836885,"Raphael Bourgade","2020-11-16 18:50:21",464.6
5836923,dmitrytoda,"2020-11-16 19:44:56",695.3
5837027,Kragger,"2020-11-20 19:35:58",785.7
5838216,"Dewank Mahajan","2020-11-16 20:27:23",692.8
5838488,DLOKSUS,"2020-11-17 07:57:11",293.2
5838751,"Nicolas Rodriguez Castro","2020-11-16 23:02:48",460.9
5839473,"Kyle Smith","2020-11-17 00:31:31",368.5
5839513,Coolios,"2020-11-23 17:33:20",827.1
5839752,TylerMoncur,"2020-11-17 03:04:13",828.2
5842414,"Takayoshi Makabe","2020-11-17 15:36:02",952.9
5842707,"H Lloyd","2020-11-17 16:45:38",494.4
5843177,yamash73,"2020-11-18 00:28:48",822.1
5843432,"Kar Ham","2020-11-20 23:17:22",936.3
5845062,JaimeF,"2020-11-19 18:53:36",911.1
5845156,Marcel,"2020-11-18 03:53:45",797.7
5845205,"Daniel Richard Torres","2020-11-17 18:56:00",578.7
5845333,"Cory Paik","2020-11-17 19:36:22",760.2
5846056,"marcelo moreno","2020-11-18 11:26:48",747.1
5846332,"Christopher Dixon","2020-11-17 21:59:35",729.9
5846583,Tindur,"2020-11-17 23:51:09",647.0
5846667,Shaier,"2020-11-17 23:16:11",715.7
5846776,"Daekeun Lee","2020-11-17 23:48:56",340.3
5847010,"Alex Kubiesa","2020-11-18 06:35:38",481.9
5847179,Maxpridy,"2020-11-18 02:54:21",784.6
5847442,"Sergey Zhdanov","2020-11-21 11:22:05",826.1
5848078,"Donghyeon Lee","2020-11-18 04:34:45",695.0
5848504,"Interest Is Not Work","2020-11-18 11:40:27",770.4
5848793,"Corgi plays rps","2020-11-20 15:26:41",688.8
5849633,"Lior Fuks","2020-11-23 12:53:41",920.0
5850252,"Yuu Jinnai","2020-11-18 11:24:04",440.5
5850597,"Sergio Tauffer","2020-11-18 13:08:55",719.5
5851046,"George Grigi","2020-11-18 14:46:13",745.3
5851161,LeonOfAfrica,"2020-11-22 05:16:43",721.2
5851336,"Javier Munoz","2020-11-23 18:39:36",829.2
5851559,"Simone Cellario","2020-11-18 15:55:50",458.2
5851560,"Daniela Cerrone","2020-11-18 15:55:19",512.9
5851561,"Davide Selle","2020-11-18 16:07:16",904.9
5851564,"Matteo Bertolino","2020-11-18 15:54:08",453.9
5851565,"Mohamed Cisse","2020-11-18 15:54:04",507.8
5851578,"Michele Turco","2020-11-18 15:54:18",428.9
5851581,"Paolo Isola","2020-11-18 15:54:23",409.2
5851922,JohnM,"2020-11-18 15:45:58",776.7
5852069,boocoo,"2020-11-18 16:56:39",376.9
5852728,"Anthony Baryshnikov","2020-11-18 18:32:34",602.2
5852861,Gabriel_P_Andrade,"2020-11-19 22:42:43",366.7
5853718,Eric,"2020-11-19 20:57:06",342.6
5854683,"Lifeng Yan","2020-11-19 06:08:18",616.6
5854930,"Rajat Bhatnagar","2020-11-23 22:45:11",804.8
5854968,"Yusaku Furuhashi","2020-11-19 05:06:11",603.2
5855038,"Tomoya Nakamura","2020-11-19 05:21:23",711.2
5855246,shihengduan,"2020-11-19 06:09:27",529.2
5855417,nimben,"2020-11-24 07:15:21",709.5
5856770,"JKU CoDA","2020-11-23 09:51:40",767.0
5857310,"Thomas Lolo","2020-11-19 12:38:10",747.6
5858719,"Ryan Miranda","2020-11-24 04:05:06",855.9
5860243,"‪Leon Ler‬‏","2020-11-20 02:14:49",404.5
5860409,Tatatos,"2020-11-20 00:10:14",636.2
5860719,"Andres Arias Silva","2020-11-20 01:32:58",339.5
5861024,"Trent McMillan","2020-11-20 02:10:56",387.8
5861576,fukafuka,"2020-11-20 03:18:07",469.1
5861721,"Mike Hall","2020-11-20 16:05:02",672.1
5861763,"Drew Vaughan","2020-11-20 04:39:48",304.5
5862547,Anomalocaris,"2020-11-20 06:04:01",475.3
5862600,"Siti Khotijah","2020-11-21 03:31:18",846.0
5865109,kryksk,"2020-11-20 13:28:29",468.8
5865871,"Vivian Nguyen","2020-11-20 15:42:03",313.5
5866271,"Sistla Meenakshi","2020-11-20 16:59:42",713.3
5866746,"Superfun Superfund","2020-11-23 05:42:58",720.0
5866955,"ed vul","2020-11-21 04:41:20",693.0
5867857,Kim2,"2020-11-21 02:12:50",708.1
5868680,SeanHead,"2020-11-21 05:47:17",331.3
5870417,Onave,"2020-11-21 11:42:54",297.6
5870549,Random,"2020-11-21 09:40:58",586.6
5870746,"Karl Cui","2020-11-21 09:19:52",710.8
5871758,Ankit,"2020-11-22 21:38:53",750.6
5872748,"Ayoub Berrag","2020-11-23 13:00:59",967.4
5872757,"Dong Li","2020-11-21 17:17:00",828.0
5873327,Wakana　Higuchi,"2020-11-22 02:30:35",602.7
5873367,[Deleted],"2020-11-21 19:39:58",671.0
5873490,Frederico,"2020-11-21 19:21:59",466.6
5873505,Siruphuhn,"2020-11-23 20:13:12",763.6
5874062,wwacky,"2020-11-21 21:38:25",590.8
5874931,yakata66,"2020-11-22 02:53:28",776.7
5875652,jancken✌,"2020-11-22 07:05:15",696.3
5875859,"Aryan Dosaj","2020-11-22 10:14:54",707.3
5876056,"Ryan #2","2020-11-22 08:06:17",740.3
5876766,gyugyugyu,"2020-11-22 11:41:19",600.0
5879099,hybryd-,"2020-11-23 17:03:16",786.4
5879189,"King Megatron","2020-11-22 19:24:23",719.7
5879216,Moore,"2020-11-22 23:50:43",822.5
5879309,moyo7857,"2020-11-23 02:47:19",772.3
5879520,Dpharm,"2020-11-22 22:00:57",350.5
5879848,"O W","2020-11-22 22:57:35",652.1
5880339,"Tomohiro Yazaki","2020-11-23 01:33:37",650.4
5881116,AndyFan0618,"2020-11-23 04:14:30",921.2
5883466,Ramil,"2020-11-23 11:19:56",628.4
5883962,SOJ,"2020-11-23 13:13:02",781.5
5884008,sotozaki,"2020-11-23 14:52:40",746.4
5884060,Vernika21,"2020-11-23 13:07:36",648.6
5884270,Sveta2710,"2020-11-23 13:35:22",710.7
5884398,mosuem,"2020-11-23 13:51:26",680.1
5884719,OLGAT,"2020-11-23 14:14:13",593.7
5885211,c01a1992,"2020-11-23 15:48:29",364.5
5886898,TSJ,"2020-11-24 00:29:11",660.8
5887001,"Tyman St","2020-11-23 20:45:06",442.0
5887282,kambehmw,"2020-11-23 20:58:36",348.0
5887423,"Marie Truong","2020-11-23 21:31:32",387.1
5887466,"A Wandering Soul","2020-11-23 21:28:07",391.5
5887984,"Walnut's Mom","2020-11-23 23:35:12",671.6
5888053,"Michael Woodworth","2020-11-24 06:58:01",748.5
5889317,"Ming Fong","2020-11-24 02:02:42",812.8
5889907,Rameez,"2020-11-24 04:38:48",578.8
5890478,"Nikolai Lukashuk ","2020-11-24 04:11:59",474.9
5890581,"Dreycey Albin","2020-11-24 04:40:08",769.3
5891006,"Anunay Bagga","2020-11-24 05:23:08",468.6
